mysql> create table u(a int(1));
Query OK, 0 rows affected (0.32 sec)

mysql> drop table  blah;
Query OK, 0 rows affected (1.50 sec)

mysql> show tables;
+---------------+
| Tables_in_SCA |
+---------------+
| Clubs         |
| Projects      |
| Student       |
| blaha         |
| u             |
+---------------+
5 rows in set (0.00 sec)

mysql> drop table  blaha;
Query OK, 0 rows affected (0.22 sec)

mysql> drop table u;
Query OK, 0 rows affected (0.14 sec)

mysql> drop table  blah;
Query OK, 0 rows affected (1.42 sec)

mysql> drop table  blah;
Query OK, 0 rows affected (0.22 sec)

mysql> drop table  blah;
Query OK, 0 rows affected (0.59 sec)

mysql> create table u(a int(1));
Query OK, 0 rows affected (0.96 sec)

mysql> select * from u;
Empty set (0.00 sec)

mysql> insert into u values(1);
Query OK, 1 row affected (0.39 sec)

mysql> select * from u;
+------+
| a    |
+------+
|    1 |
+------+
1 row in set (0.00 sec)

mysql> mysqldbinlog
    -> ;
ERROR 1064 (42000): You have an error in your SQL syntax; check the manual that corresponds to your MySQL server version for the right syntax to use near 'mysqldbinlog' at line 1
mysql> \q
